bytes_per_report,packets_received,duplicate_rate,sequence_gap_count,cpu_ms_per_report,interval,loss
16.0,60.0,0.0,0.0,0.1522449931750695,1,0%
16.0,60.0,0.0,0.0,0.15562833480847377,1,5%
16.0,12.0,0.0,0.0,0.08730001475972433,5,0%
16.0,12.0,0.0,0.0,0.08831666006396215,5,5%
16.0,2.0,0.0,0.0,0.17375004244968295,30,0%
16.0,2.0,0.0,0.0,0.3356500528752804,30,5%
