,min,median,max
bytes_per_report,16.0,16.0,16.0
packets_received,60.0,60.0,60.0
duplicate_rate,0.0,0.0,0.0
sequence_gap_count,0.0,0.0,0.0
cpu_ms_per_report,0.08821666512327889,0.15084667247720063,0.17765166897637147
